{
    "alpha": 0.17547398805618286,
    "delta": 1.0162023444948431e-09,
    "r": 0.18389549851417542,
    "s": 0.006238066125661135,
    "eps": 1e-06
}