{
  "s": 0.005358200985938311,
  "alpha": 0.16507303714752197,
  "delta": 1.0023728513885999e-09,
  "r": 0.19364482164382935
}