{
  "s": 0.06749236583709717,
  "alpha": 0.7936331629753113,
  "delta": 0.7557105422019958,
  "r": 0.22449074685573578
}